month,firm,bilateral_abs_mwh,auction_sell_mwh,bilateral_TWh,auction_TWh,total_TWh,bilat_share
2018-01-01,GE,1194911.3000000007,2363067.6,1.1949113000000007,2.3630676,3.5579789000000006,0.3358399061894382
2018-01-01,GN,631656.0,1074141.8999999962,0.631656,1.074141899999996,1.705797899999996,0.3702994358241392
2018-01-01,HC,0.0,505811.9999999998,0.0,0.5058119999999998,0.5058119999999998,0.0
2018-01-01,IB,3362724.1000000034,1352586.0000000033,3.3627241000000034,1.3525860000000032,4.715310100000007,0.7131501489159745
2018-02-01,GE,1275811.5999999985,2362889.0999999996,1.2758115999999984,2.3628890999999994,3.6387006999999976,0.35062284732569493
2018-02-01,GN,570528.0,1012059.7999999976,0.570528,1.0120597999999976,1.5825877999999975,0.36050322136945634
2018-02-01,HC,0.0,505905.0000000001,0.0,0.5059050000000002,0.5059050000000002,0.0
2018-02-01,IB,3052994.099999999,1229881.800000005,3.0529940999999994,1.229881800000005,4.282875900000004,0.7128373950783856
2018-03-01,GE,1553733.7000000011,743476.9999999992,1.553733700000001,0.7434769999999992,2.2972107000000004,0.6763566354623025
2018-03-01,GN,630303.0,854003.9999999984,0.630303,0.8540039999999983,1.4843069999999983,0.4246446321414645
2018-03-01,HC,0.0,265521.49999999965,0.0,0.26552149999999963,0.26552149999999963,0.0
2018-03-01,IB,3722706.2000000086,1016177.7000000018,3.7227062000000086,1.0161777000000018,4.73888390000001,0.7855660274774828
2018-04-01,GE,1695309.7000000014,737967.6000000015,1.6953097000000013,0.7379676000000015,2.433277300000003,0.6967186600557196
2018-04-01,GN,140640.0,759687.8999999992,0.14064,0.7596878999999992,0.9003278999999992,0.1562097542462031
2018-04-01,HC,0.0,284453.6999999995,0.0,0.2844536999999995,0.2844536999999995,0.0
2018-04-01,IB,3716261.8000000017,974977.6000000034,3.7162618000000016,0.9749776000000033,4.691239400000005,0.7921705722372637
2018-05-01,GE,1863251.099999994,1476659.699999995,1.863251099999994,1.476659699999995,3.339910799999989,0.5578745097024748
2018-05-01,GN,294864.0,811383.2000000001,0.294864,0.8113832000000001,1.1062472,0.2665444034570212
2018-05-01,HC,0.0,439985.99999999953,0.0,0.43998599999999954,0.43998599999999954,0.0
2018-05-01,IB,2851713.199999986,1104532.4000000022,2.851713199999986,1.1045324000000023,3.9562455999999884,0.7208129849168097
2018-06-01,GE,1963978.6999999995,1681005.5,1.9639786999999995,1.6810055,3.6449841999999997,0.5388167937737562
2018-06-01,GN,606744.0,682583.5000000007,0.606744,0.6825835000000007,1.2893275000000006,0.4705895127498635
2018-06-01,HC,0.0,372944.00000000134,0.0,0.37294400000000133,0.37294400000000133,0.0
2018-06-01,IB,2782992.3,680564.100000001,2.7829922999999996,0.680564100000001,3.4635564000000008,0.8035071408105261
2018-07-01,GE,1591233.7999999989,2513448.9999999963,1.5912337999999988,2.5134489999999965,4.1046827999999955,0.387663036958666
2018-07-01,GN,621048.0,691268.3999999965,0.621048,0.6912683999999966,1.3123163999999967,0.4732456288742575
2018-07-01,HC,0.0,422162.2000000011,0.0,0.4221622000000011,0.4221622000000011,0.0
2018-07-01,IB,3063200.500000002,1388151.9999999986,3.063200500000002,1.3881519999999985,4.4513525000000005,0.6881505115580043
2018-08-01,GE,1394555.9999999972,2337508.6000000024,1.3945559999999972,2.3375086000000023,3.7320645999999993,0.3736687730432098
2018-08-01,GN,615480.0,558053.1999999994,0.61548,0.5580531999999994,1.1735331999999994,0.5244674799145013
2018-08-01,HC,0.0,617590.4999999993,0.0,0.6175904999999993,0.6175904999999993,0.0
2018-08-01,IB,3445817.199999992,1477661.9999999974,3.4458171999999916,1.4776619999999974,4.9234791999999885,0.6998744302606172
2018-09-01,GE,1304877.2999999952,2655580.299999998,1.3048772999999951,2.655580299999998,3.9604575999999927,0.32947639686888647
2018-09-01,GN,596040.0,661478.9999999994,0.59604,0.6614789999999994,1.2575189999999994,0.4739809100299879
2018-09-01,HC,0.0,642512.8999999989,0.0,0.6425128999999988,0.6425128999999988,0.0
2018-09-01,IB,3409258.599999997,1662378.3000000021,3.4092585999999967,1.662378300000002,5.071636899999999,0.6722205605846896
2018-10-01,GE,1306430.0999999985,2051338.099999998,1.3064300999999985,2.051338099999998,3.357768199999996,0.3890769172213853
2018-10-01,GN,622005.0,938417.8000000028,0.622005,0.9384178000000029,1.5604228000000029,0.39861311946992756
2018-10-01,HC,0.0,495925.2000000007,0.0,0.49592520000000073,0.49592520000000073,0.0
2018-10-01,IB,3389025.500000026,1409281.9000000039,3.389025500000026,1.4092819000000039,4.79830740000003,0.7062960368066467
2018-11-01,GE,864147.4000000026,2180997.3999999985,0.8641474000000026,2.1809973999999985,3.045144800000001,0.28377875495444493
2018-11-01,GN,609912.0,1509691.1999999974,0.609912,1.5096911999999973,2.1196031999999976,0.2877481973984568
2018-11-01,HC,0.0,666817.7999999985,0.0,0.6668177999999986,0.6668177999999986,0.0
2018-11-01,IB,2828157.599999993,1207300.8000000035,2.8281575999999933,1.2073008000000036,4.035458399999997,0.7008268503028047
2018-12-01,GE,684879.3999999979,1954296.4000000008,0.6848793999999979,1.954296400000001,2.639175799999999,0.2595050318360748
2018-12-01,GN,630960.0,1210084.5,0.63096,1.2100845,1.8410445,0.3427184948544155
2018-12-01,HC,0.0,600441.4999999981,0.0,0.6004414999999982,0.6004414999999982,0.0
2018-12-01,IB,3325970.100000027,1169860.100000005,3.3259701000000272,1.169860100000005,4.495830200000032,0.7397899724949584
2019-01-01,GE,1315585.8000000007,1664567.6999999925,1.3155858000000007,1.6645676999999925,2.980153499999993,0.44144900589852293
2019-01-01,GN,631200.0,1211794.3999999992,0.6312,1.2117943999999992,1.8429943999999991,0.34248611932841483
2019-01-01,HC,0.0,602335.3999999987,0.0,0.6023353999999987,0.6023353999999987,0.0
2019-01-01,IB,3290560.6999999993,1624915.1000000052,3.2905606999999994,1.6249151000000053,4.915475800000005,0.6694287254959116
2019-02-01,GE,1284192.500000001,1454934.999999996,1.284192500000001,1.454934999999996,2.739127499999997,0.46883268486041724
2019-02-01,GN,569736.0,984093.300000001,0.569736,0.984093300000001,1.553829300000001,0.36666575923108136
2019-02-01,HC,0.0,360811.49999999994,0.0,0.36081149999999995,0.36081149999999995,0.0
2019-02-01,IB,3480302.9999999935,1185160.3000000042,3.4803029999999935,1.1851603000000042,4.665463299999997,0.7459715737127319
2019-03-01,GE,1159850.6999999988,443616.50000000227,1.1598506999999987,0.44361650000000225,1.603467200000001,0.7233392114288325
2019-03-01,GN,627738.0,646972.6999999993,0.627738,0.6469726999999993,1.2747106999999993,0.49245526847778115
2019-03-01,HC,0.0,261479.89999999924,0.0,0.2614798999999992,0.2614798999999992,0.0
2019-03-01,IB,3585703.1999999974,1252120.2000000025,3.5857031999999975,1.2521202000000025,4.8378233999999996,0.7411810856923793
2019-04-01,GE,1065481.4999999977,671820.5999999996,1.0654814999999977,0.6718205999999997,1.7373020999999973,0.6132966166333417
2019-04-01,GN,608448.0,509245.30000000016,0.608448,0.5092453000000001,1.1176933,0.5443783191685948
2019-04-01,HC,0.0,226717.0999999996,0.0,0.2267170999999996,0.2267170999999996,0.0
2019-04-01,IB,2957119.700000003,1125898.1999999983,2.957119700000003,1.1258981999999984,4.0830179000000015,0.7242485270515228
2019-05-01,GE,1254480.8000000026,718218.2999999982,1.2544808000000025,0.7182182999999982,1.9726991000000007,0.6359210079225981
2019-05-01,GN,624000.0,633312.5000000007,0.624,0.6333125000000007,1.2573125000000007,0.496296664512601
2019-05-01,HC,0.0,228690.6999999994,0.0,0.22869069999999941,0.22869069999999941,0.0
2019-05-01,IB,2621475.2000000016,810778.7000000007,2.6214752000000017,0.8107787000000006,3.4322539000000023,0.7637765958981064
2019-06-01,GE,1223111.8000000012,838782.3999999992,1.2231118000000012,0.8387823999999993,2.0618942000000002,0.5931981379063974
2019-06-01,GN,603000.0,762300.1000000002,0.603,0.7623001000000003,1.3653001000000002,0.44166114101947246
2019-06-01,HC,0.0,458042.9999999987,0.0,0.4580429999999987,0.4580429999999987,0.0
2019-06-01,IB,2923050.699999987,1582227.500000001,2.9230506999999872,1.582227500000001,4.505278199999989,0.6488058162534768
2019-07-01,GE,1277310.3999999964,1531967.3000000014,1.2773103999999964,1.5319673000000014,2.8092776999999978,0.4546757339083984
2019-07-01,GN,618168.0,1132423.6000000006,0.618168,1.1324236000000005,1.7505916000000006,0.35311948257948905
2019-07-01,HC,0.0,540781.4999999993,0.0,0.5407814999999992,0.5407814999999992,0.0
2019-07-01,IB,3511840.1999999904,1972639.0000000005,3.51184019999999,1.9726390000000005,5.48447919999999,0.640323369263575
2019-08-01,GE,1148835.400000003,1167719.3000000021,1.148835400000003,1.1677193000000021,2.316554700000005,0.4959241411394259
2019-08-01,GN,616608.0,938057.0000000006,0.616608,0.9380570000000006,1.5546650000000006,0.39661792090257375
2019-08-01,HC,0.0,540756.5,0.0,0.5407565,0.5407565,0.0
2019-08-01,IB,3489727.4999999953,1928984.000000003,3.4897274999999954,1.928984000000003,5.418711499999999,0.6440142642766636
2019-09-01,GE,1094633.4999999995,1041266.8000000003,1.0946334999999996,1.0412668000000003,2.1359003,0.5124927881699346
2019-09-01,GN,594048.0,919544.4000000018,0.594048,0.9195444000000018,1.5135924000000018,0.392475543613987
2019-09-01,HC,0.0,561097.5,0.0,0.5610975,0.5610975,0.0
2019-09-01,IB,3557514.599999997,1229108.0999999994,3.5575145999999966,1.2291080999999995,4.786622699999996,0.7432201831993149
2019-10-01,GE,1302637.9000000008,943776.8000000012,1.3026379000000008,0.9437768000000012,2.246414700000002,0.5798741879671636
2019-10-01,GN,75960.0,758450.7000000011,0.07596,0.7584507000000011,0.8344107000000012,0.09103430720627131
2019-10-01,HC,0.0,792529.9000000019,0.0,0.7925299000000019,0.7925299000000019,0.0
2019-10-01,IB,3370930.7999999914,1566447.7000000072,3.3709307999999916,1.5664477000000072,4.937378499999999,0.6827369625399374
2019-11-01,GE,1336249.6999999979,692777.0,1.3362496999999978,0.692777,2.0290266999999975,0.6585668389676683
2019-11-01,GN,239722.3,1077694.1999999972,0.2397223,1.0776941999999972,1.317416499999997,0.18196394230678037
2019-11-01,HC,0.0,587596.1000000006,0.0,0.5875961000000005,0.5875961000000005,0.0
2019-11-01,IB,2309966.5999999996,1463440.2000000034,2.3099665999999996,1.4634402000000035,3.773406800000003,0.6121700422016513
2019-12-01,GE,1244467.6000000022,936452.0,1.2444676000000021,0.936452,2.180919600000002,0.5706159915294452
2019-12-01,GN,459166.3,1179044.1999999979,0.45916629999999997,1.1790441999999979,1.6382104999999978,0.28028528690299603
2019-12-01,HC,0.0,532669.9000000004,0.0,0.5326699000000004,0.5326699000000004,0.0
2019-12-01,IB,3312421.9000000036,1758832.300000003,3.3124219000000035,1.758832300000003,5.0712542000000065,0.6531760723017985
2020-01-01,GE,1475826.2999999952,697019.1999999995,1.4758262999999952,0.6970191999999995,2.172845499999995,0.6792136394419201
2020-01-01,GN,631512.0,1182939.1999999993,0.631512,1.1829391999999992,1.8144511999999993,0.3480457341591773
2020-01-01,HC,0.0,545078.9000000001,0.0,0.5450789000000001,0.5450789000000001,0.0
2020-01-01,IB,4569090.500000002,1382657.2000000053,4.5690905000000015,1.3826572000000052,5.9517477000000065,0.7676888756558005
2020-02-01,GE,1323057.1999999993,471306.7000000029,1.3230571999999992,0.4713067000000029,1.794363900000002,0.7373405138166219
2020-02-01,GN,576888.0,942933.1000000024,0.576888,0.9429331000000024,1.5198211000000024,0.37957625407358736
2020-02-01,HC,0.0,431202.8999999998,0.0,0.4312028999999998,0.4312028999999998,0.0
2020-02-01,IB,3957259.0999999996,1034382.5000000012,3.9572590999999995,1.034382500000001,4.9916416,0.792777089605151
2020-03-01,GE,1082494.6,754101.9999999977,1.0824946000000002,0.7541019999999977,1.8365965999999978,0.5894024850095015
2020-03-01,GN,304488.0,922645.6999999993,0.304488,0.9226456999999992,1.227133699999999,0.24812944180410024
2020-03-01,HC,0.0,231582.4999999996,0.0,0.23158249999999958,0.23158249999999958,0.0
2020-03-01,IB,1914985.799999999,2737048.2000000025,1.914985799999999,2.7370482000000025,4.652034000000001,0.41164484180468125
2020-04-01,GE,1148476.0999999992,475240.30000000144,1.1484760999999992,0.47524030000000145,1.6237164000000006,0.7073132352423113
2020-04-01,GN,318864.0,540883.6000000003,0.318864,0.5408836000000004,0.8597476000000004,0.37088094226724194
2020-04-01,HC,0.0,118160.6,0.0,0.1181606,0.1181606,0.0
2020-04-01,IB,2534810.3000000007,1508758.9000000032,2.5348103000000006,1.5087589000000032,4.043569200000004,0.6268744702081513
2020-05-01,GE,806199.6000000009,536244.8000000002,0.8061996000000009,0.5362448000000002,1.342444400000001,0.6005459890927328
2020-05-01,GN,489888.0,371277.6999999988,0.489888,0.37127769999999877,0.8611656999999988,0.5688661311057799
2020-05-01,HC,0.0,210666.69999999972,0.0,0.2106666999999997,0.2106666999999997,0.0
2020-05-01,IB,2923361.699999998,557187.4999999991,2.923361699999998,0.5571874999999991,3.480549199999997,0.8399139135858216
2020-06-01,GE,1055175.8,1002481.699999996,1.0551758,1.002481699999996,2.057657499999996,0.5128043904294092
2020-06-01,GN,500928.0,738109.9999999995,0.500928,0.7381099999999995,1.2390379999999994,0.40428784266503554
2020-06-01,HC,0.0,463095.10000000056,0.0,0.46309510000000054,0.46309510000000054,0.0
2020-06-01,IB,2211491.6999999974,1229587.5999999996,2.211491699999997,1.2295875999999997,3.4410792999999966,0.6426738552639573
2020-07-01,GE,1264971.0999999994,1012714.5000000016,1.2649710999999995,1.0127145000000017,2.277685600000001,0.5553756409576452
2020-07-01,GN,596856.0,1458104.7999999989,0.596856,1.458104799999999,2.054960799999999,0.2904464163014693
2020-07-01,HC,0.0,557549.1000000007,0.0,0.5575491000000007,0.5575491000000007,0.0
2020-07-01,IB,3527493.6000000006,1923373.9999999942,3.5274936000000006,1.9233739999999941,5.450867599999995,0.6471435116127209
2020-08-01,GE,1096324.9000000004,958221.3999999985,1.0963249000000004,0.9582213999999986,2.054546299999999,0.5336092450192049
2020-08-01,GN,614640.0,693101.3000000013,0.61464,0.6931013000000014,1.3077413000000013,0.4700012150721242
2020-08-01,HC,0.0,553239.0000000008,0.0,0.5532390000000008,0.5532390000000008,0.0
2020-08-01,IB,4006046.6999999983,1872860.1999999995,4.006046699999998,1.8728601999999994,5.878906899999997,0.6814271374156308
2020-09-01,GE,711767.1000000022,948985.4,0.7117671000000022,0.9489854,1.6607525000000023,0.42858107996224676
2020-09-01,GN,544344.0,896842.7999999993,0.544344,0.8968427999999994,1.4411867999999994,0.37770537448719366
2020-09-01,HC,0.0,517998.8999999997,0.0,0.5179988999999997,0.5179988999999997,0.0
2020-09-01,IB,3256782.099999992,2017652.800000003,3.256782099999992,2.017652800000003,5.274434899999996,0.6174655980681447
2020-10-01,GE,1121195.9999999981,533292.5000000008,1.121195999999998,0.5332925000000008,1.654488499999999,0.6776692615270513
2020-10-01,GN,628540.0,551036.5000000002,0.62854,0.5510365000000003,1.1795765000000002,0.5328522567209502
2020-10-01,HC,0.0,329920.79999999923,0.0,0.32992079999999924,0.32992079999999924,0.0
2020-10-01,IB,3085965.7000000007,938108.1999999997,3.0859657000000005,0.9381081999999997,4.0240739,0.7668760009601215
2020-11-01,GE,1146589.699999998,600649.8000000002,1.146589699999998,0.6006498000000001,1.7472394999999983,0.6562292690841749
2020-11-01,GN,609600.0,857593.4000000004,0.6096,0.8575934000000004,1.4671934000000004,0.4154871470932188
2020-11-01,HC,0.0,301249.2999999993,0.0,0.3012492999999993,0.3012492999999993,0.0
2020-11-01,IB,3469699.3000000063,1322445.2000000011,3.4696993000000065,1.322445200000001,4.792144500000008,0.7240389558369954
2020-12-01,GE,1206855.699999998,570033.0999999996,1.2068556999999982,0.5700330999999996,1.7768887999999978,0.6791959631913936
2020-12-01,GN,618096.0,884099.3000000012,0.618096,0.8840993000000013,1.5021953000000012,0.4114618119228568
2020-12-01,HC,0.0,270906.6999999996,0.0,0.2709066999999996,0.2709066999999996,0.0
2020-12-01,IB,3805638.7999999966,1546114.5000000035,3.8056387999999965,1.5461145000000034,5.3517533,0.7111013132836291
2021-01-01,GE,1245071.700000001,840723.6000000014,1.245071700000001,0.8407236000000013,2.0857953000000022,0.596928998737316
2021-01-01,GN,614136.0,815192.4999999986,0.614136,0.8151924999999987,1.4293284999999987,0.42966749770958923
2021-01-01,HC,0.0,512322.7999999991,0.0,0.5123227999999991,0.5123227999999991,0.0
2021-01-01,IB,4072241.9999999856,1910522.7000000011,4.072241999999986,1.9105227000000011,5.982764699999987,0.6806622363069025
2021-02-01,GE,1179451.5999999985,458207.39999999927,1.1794515999999984,0.45820739999999927,1.6376589999999975,0.7202058548208145
2021-02-01,GN,551904.0,864919.7000000003,0.551904,0.8649197000000003,1.4168237000000001,0.38953611518497316
2021-02-01,HC,0.0,174182.49999999983,0.0,0.17418249999999982,0.17418249999999982,0.0
2021-02-01,IB,4130444.2999999947,1128660.000000001,4.130444299999994,1.1286600000000009,5.259104299999995,0.7853893104953249
2021-03-01,GE,1302549.5000000005,403039.3999999996,1.3025495000000005,0.4030393999999996,1.7055889,0.7636948739523343
2021-03-01,GN,245640.0,602557.4999999981,0.24564,0.6025574999999982,0.8481974999999982,0.2896023626572827
2021-03-01,HC,0.0,208628.2999999998,0.0,0.20862829999999982,0.20862829999999982,0.0
2021-03-01,IB,4528193.099999989,1199508.9000000032,4.5281930999999895,1.1995089000000032,5.727701999999993,0.7905776348001337
2021-04-01,GE,1025358.7000000018,659319.7000000004,1.0253587000000017,0.6593197000000004,1.6846784000000021,0.608637648586223
2021-04-01,GN,54078.0,520125.2000000005,0.054078,0.5201252000000005,0.5742032000000005,0.0941792034596811
2021-04-01,HC,0.0,422000.0999999998,0.0,0.4220000999999998,0.4220000999999998,0.0
2021-04-01,IB,3585406.700000001,1818612.9000000015,3.585406700000001,1.8186129000000015,5.4040196000000025,0.6634703360439328
2021-05-01,GE,1228011.4999999998,473327.40000000095,1.2280114999999998,0.47332740000000095,1.7013389000000008,0.7217912316000059
2021-05-01,GN,607448.5,259629.90000000066,0.6074485,0.2596299000000007,0.8670784000000007,0.7005692910814056
2021-05-01,HC,0.0,230220.69999999984,0.0,0.23022069999999983,0.23022069999999983,0.0
2021-05-01,IB,2907551.2999999924,1263283.4999999988,2.907551299999992,1.263283499999999,4.170834799999991,0.6971149516638728
2021-06-01,GE,938514.3000000041,985342.0000000014,0.9385143000000041,0.9853420000000014,1.9238563000000055,0.4878297303182163
2021-06-01,GN,549586.1,528118.7999999995,0.5495861,0.5281187999999994,1.0777048999999994,0.50995973016361
2021-06-01,HC,0.0,554051.1999999987,0.0,0.5540511999999986,0.5540511999999986,0.0
2021-06-01,IB,2175177.699999998,1580361.500000002,2.1751776999999977,1.5803615000000022,3.7555392,0.5791918508000123
2021-07-01,GE,1038489.2000000003,685529.6999999997,1.0384892000000003,0.6855296999999997,1.7240189,0.6023653220971071
2021-07-01,GN,575640.0,491375.1999999983,0.57564,0.49137519999999835,1.0670151999999984,0.5394862228766759
2021-07-01,HC,0.0,428647.4999999993,0.0,0.4286474999999993,0.4286474999999993,0.0
2021-07-01,IB,4019143.9999999898,1129966.5,4.01914399999999,1.1299665,5.14911049999999,0.7805511262576318
2021-08-01,GE,1005336.3999999997,601468.3999999997,1.0053363999999996,0.6014683999999997,1.6068047999999993,0.6256742573833487
2021-08-01,GN,621720.0,437997.50000000023,0.62172,0.4379975000000002,1.0597175000000003,0.5866846588831456
2021-08-01,HC,0.0,705016.5999999994,0.0,0.7050165999999994,0.7050165999999994,0.0
2021-08-01,IB,3757273.399999975,1183881.0999999994,3.757273399999975,1.1838810999999994,4.941154499999975,0.7604039501294676
2021-09-01,GE,939343.0999999999,792280.8000000003,0.9393430999999999,0.7922808000000002,1.7316239000000002,0.5424636954941542
2021-09-01,GN,603480.0,772516.000000002,0.60348,0.772516000000002,1.375996000000002,0.4385768563280701
2021-09-01,HC,0.0,1303789.2000000044,0.0,1.3037892000000044,1.3037892000000044,0.0
2021-09-01,IB,3312897.1999999946,1525047.400000001,3.3128971999999948,1.5250474000000012,4.837944599999996,0.6847736950108932
2021-10-01,GE,611238.6999999984,583214.7999999998,0.6112386999999985,0.5832147999999998,1.1944534999999983,0.5117308459475395
2021-10-01,GN,626967.6000000003,531460.9000000006,0.6269676000000003,0.5314609000000006,1.1584285000000007,0.5412225268974303
2021-10-01,HC,1930.0,1078967.600000003,0.00193,1.0789676000000028,1.0808976000000028,0.0017855530440626338
2021-10-01,IB,3400731.0000000075,1155544.800000001,3.4007310000000075,1.155544800000001,4.556275800000009,0.7463839217107975
2021-11-01,GE,214304.90000000002,891741.399999999,0.21430490000000002,0.891741399999999,1.1060462999999991,0.19375762117734147
2021-11-01,GN,607192.7999999998,966220.2999999975,0.6071927999999999,0.9662202999999975,1.5734130999999973,0.3859080619069467
2021-11-01,HC,51656.80000000002,1212294.7000000048,0.05165680000000002,1.2122947000000048,1.2639515000000048,0.04086928968397903
2021-11-01,IB,2577735.199999993,1625923.0000000044,2.577735199999993,1.6259230000000044,4.203658199999998,0.6132123682177572
2021-12-01,GE,1142854.5999999973,1103338.0999999999,1.1428545999999973,1.1033380999999998,2.2461926999999973,0.5087963290059658
2021-12-01,GN,647735.3,920455.9999999965,0.6477353,0.9204559999999965,1.5681912999999965,0.41304609966909106
2021-12-01,HC,292701.0,1044431.4000000034,0.292701,1.0444314000000035,1.3371324000000033,0.21890203243897108
2021-12-01,IB,2607456.6999999927,1271592.5000000058,2.6074566999999926,1.271592500000006,3.8790491999999985,0.6721896437920905
2022-01-01,GE,1189236.199999999,900395.6000000003,1.189236199999999,0.9003956000000003,2.0896317999999994,0.5691127977665728
2022-01-01,GN,669012.1000000001,1216892.2999999966,0.6690121000000001,1.2168922999999965,1.8859043999999967,0.35474337935687583
2022-01-01,HC,559769.0,900111.5000000008,0.559769,0.9001115000000008,1.4598805000000008,0.3834348085339859
2022-01-01,IB,3449289.4000000125,1484164.0000000007,3.4492894000000125,1.4841640000000007,4.933453400000014,0.6991632676615539
2022-02-01,GE,868425.9000000033,683229.8000000002,0.8684259000000033,0.6832298000000001,1.5516557000000035,0.5596769309067735
2022-02-01,GN,613208.0000000006,566801.6000000004,0.6132080000000005,0.5668016000000005,1.1800096000000009,0.5196635688387621
2022-02-01,HC,412561.0,863818.9000000018,0.412561,0.8638189000000017,1.2763799000000018,0.3232274340891763
2022-02-01,IB,3167301.6000000034,1050934.4000000022,3.167301600000003,1.0509344000000023,4.218236000000005,0.7508592691352497
2022-03-01,GE,976518.8000000037,728126.9000000011,0.9765188000000037,0.728126900000001,1.7046457000000048,0.57285733921131
2022-03-01,GN,696177.4999999987,509164.4999999995,0.6961774999999987,0.5091644999999995,1.2053419999999981,0.5775767375566435
2022-03-01,HC,530603.0,801410.100000001,0.530603,0.801410100000001,1.332013100000001,0.3983466829267667
2022-03-01,IB,3140953.3000000007,1073231.3000000017,3.140953300000001,1.0732313000000018,4.214184600000003,0.7453288353813449
2022-04-01,GE,1178036.8999999994,596769.9000000008,1.1780368999999995,0.5967699000000009,1.7748068000000004,0.6637550070238627
2022-04-01,GN,732364.9000000005,376085.5999999999,0.7323649000000005,0.3760855999999999,1.1084505000000004,0.6607105143621661
2022-04-01,HC,280250.0,418374.699999999,0.28025,0.41837469999999904,0.698624699999999,0.4011452787168853
2022-04-01,IB,3102759.20000001,818642.8000000005,3.10275920000001,0.8186428000000006,3.9214020000000107,0.7912372156692942
2022-05-01,GE,1337095.4999999988,936951.7999999991,1.3370954999999989,0.9369517999999991,2.274047299999998,0.587980513861783
2022-05-01,GN,765929.7,337422.4000000003,0.7659296999999999,0.3374224000000003,1.1033521000000002,0.6941842952943125
2022-05-01,HC,64930.09999999995,382854.59999999887,0.06493009999999995,0.3828545999999989,0.4477846999999988,0.14500294449542409
2022-05-01,IB,2833239.3000000035,499378.8000000006,2.8332393000000033,0.4993788000000006,3.332618100000004,0.8501542075883223
2022-06-01,GE,989019.7000000023,1537285.0000000014,0.9890197000000023,1.5372850000000013,2.5263047000000034,0.391488683055532
2022-06-01,GN,741745.6999999997,1177368.3999999985,0.7417456999999997,1.1773683999999984,1.919114099999998,0.38650422087983227
2022-06-01,HC,32611.099999999962,1130575.8000000045,0.03261109999999996,1.1305758000000046,1.1631869000000046,0.028035993183898336
2022-06-01,IB,3020632.5000000047,1205545.3000000014,3.0206325000000045,1.2055453000000014,4.226177800000006,0.7147433550949988
2022-07-01,GE,923157.300000001,1815239.7999999993,0.923157300000001,1.8152397999999994,2.7383971000000003,0.33711593544997576
2022-07-01,GN,768485.2999999998,1968513.200000003,0.7684852999999998,1.968513200000003,2.736998500000003,0.2807766610029194
2022-07-01,HC,18349.6,1809144.000000005,0.018349599999999997,1.809144000000005,1.827493600000005,0.010040855957033145
2022-07-01,IB,3800700.399999965,990439.6999999993,3.800700399999965,0.9904396999999993,4.791140099999964,0.7932768236103122
2022-08-01,GE,949670.0000000034,2262838.1999999965,0.9496700000000033,2.2628381999999965,3.2125082,0.2956163660531679
2022-08-01,GN,757260.900000001,2056051.6999999995,0.7572609000000009,2.0560516999999994,2.8133126,0.26917055004836676
2022-08-01,HC,16897.0,1757586.0000000051,0.016897,1.7575860000000052,1.7744830000000051,0.009522210131063498
2022-08-01,IB,3883878.799999998,789801.6000000013,3.883878799999998,0.7898016000000012,4.673680399999999,0.8310107811394203
2022-09-01,GE,883877.6000000054,1791536.2000000007,0.8838776000000055,1.7915362000000006,2.675413800000006,0.330370427184013
2022-09-01,GN,590319.3000000005,1890585.4999999984,0.5903193000000005,1.8905854999999985,2.480904799999999,0.23794516419977133
2022-09-01,HC,13349.0,1525113.3000000045,0.013349,1.5251133000000046,1.5384623000000046,0.00867684570496135
2022-09-01,IB,4039432.100000012,1017035.5000000047,4.039432100000012,1.0170355000000046,5.056467600000017,0.7988644285983358
2022-10-01,GE,885745.0999999994,1340933.5000000023,0.8857450999999994,1.3409335000000022,2.2266786000000014,0.39778758371324846
2022-10-01,GN,63013.30000000003,1797927.799999999,0.06301330000000004,1.7979277999999992,1.8609410999999991,0.033860985713088966
2022-10-01,HC,15169.0,1077780.0000000026,0.015169,1.0777800000000026,1.0929490000000026,0.013878964160267281
2022-10-01,IB,3331655.999999997,1071896.4000000006,3.331655999999997,1.0718964000000006,4.403552399999998,0.7565837072814209
2022-11-01,GE,900870.5999999993,1445730.0999999982,0.9008705999999993,1.4457300999999982,2.3466006999999975,0.3839045134521609
2022-11-01,GN,695500.4000000003,742549.2000000001,0.6955004000000002,0.7425492,1.4380496000000003,0.4836414543698633
2022-11-01,HC,49410.0,715987.5999999997,0.04941,0.7159875999999997,0.7653975999999997,0.06455468373561665
2022-11-01,IB,3108093.899999993,905033.700000002,3.108093899999993,0.905033700000002,4.013127599999995,0.7744817034972914
2022-12-01,GE,927202.6999999983,1235771.499999999,0.9272026999999983,1.2357714999999991,2.162974199999997,0.4286702541343302
2022-12-01,GN,979652.5,563908.0999999999,0.9796525,0.5639080999999999,1.5435606,0.6346705791790747
2022-12-01,HC,55580.3,901061.0000000007,0.055580300000000006,0.9010610000000007,0.9566413000000007,0.05809941510992675
2022-12-01,IB,4355347.200000009,1329120.5,4.355347200000009,1.3291205,5.684467700000009,0.7661838240368578
2023-01-01,GE,1154087.100000006,552833.4999999987,1.154087100000006,0.5528334999999988,1.7069206000000046,0.6761223105515294
2023-01-01,GN,1367944.5999999973,134167.29999999996,1.3679445999999973,0.13416729999999996,1.5021118999999972,0.9106808886874539
2023-01-01,HC,150643.0,125993.99999999996,0.150643,0.12599399999999997,0.27663699999999997,0.5445511627150382
2023-01-01,IB,4656371.4,1316341.6999999916,4.6563714,1.3163416999999915,5.972713099999992,0.7796074115798407
2023-02-01,GE,900573.1000000017,1027598.7000000003,0.9005731000000017,1.0275987000000002,1.9281718000000019,0.4670606115077509
2023-02-01,GN,997974.2999999982,330088.70000000007,0.9979742999999982,0.33008870000000007,1.3280629999999982,0.7514510230312865
2023-02-01,HC,77030.0,676875.4000000008,0.07703,0.6768754000000008,0.7539054000000008,0.1021746229699375
2023-02-01,IB,4182495.000000003,896028.4000000108,4.182495000000003,0.8960284000000108,5.078523400000014,0.8235651725066367
2023-03-01,GE,861016.4000000035,753418.8999999992,0.8610164000000036,0.7534188999999992,1.614435300000003,0.5333235714060527
2023-03-01,GN,935573.3000000017,299961.0000000001,0.9355733000000017,0.2999610000000001,1.2355343000000019,0.7572216327786289
2023-03-01,HC,69389.0,273320.9999999996,0.069389,0.2733209999999996,0.3427099999999996,0.20247147734235968
2023-03-01,IB,3819541.7999999914,1078760.8,3.819541799999991,1.0787608,4.898302599999991,0.7797684446853075
2023-04-01,GE,881936.4000000027,554409.5999999999,0.8819364000000027,0.5544095999999998,1.4363460000000026,0.6140138935883145
2023-04-01,GN,830394.6999999997,189447.00000000017,0.8303946999999997,0.18944700000000017,1.0198417,0.8142388176517981
2023-04-01,HC,35900.0,133105.1,0.0359,0.1331051,0.16900510000000002,0.2124196252065766
2023-04-01,IB,2906613.799999995,1337339.799999995,2.9066137999999953,1.337339799999995,4.2439535999999904,0.6848835010825759
2023-05-01,GE,265142.699999999,632512.9000000004,0.265142699999999,0.6325129000000004,0.8976555999999993,0.29537241231492256
2023-05-01,GN,841086.6999999995,117915.19999999995,0.8410866999999995,0.11791519999999996,0.9590018999999995,0.8770438306743709
2023-05-01,HC,24811.8,164282.4000000002,0.0248118,0.1642824000000002,0.18909420000000018,0.1312139663723159
2023-05-01,IB,3458053.1999999993,585509.8000000016,3.4580531999999993,0.5855098000000015,4.043563000000001,0.8551995356570428
2023-06-01,GE,489184.60000000364,1137183.8999999992,0.48918460000000363,1.1371838999999992,1.626368500000003,0.30078337105028946
2023-06-01,GN,811807.0999999996,302622.2999999998,0.8118070999999997,0.3026222999999998,1.1144293999999995,0.7284509005236223
2023-06-01,HC,30572.6,483680.9999999997,0.0305726,0.4836809999999997,0.5142535999999996,0.059450434571581064
2023-06-01,IB,3509134.2000000076,755154.9000000032,3.5091342000000076,0.7551549000000032,4.264289100000011,0.8229118893463389
2023-07-01,GE,972566.0000000054,961384.6000000003,0.9725660000000054,0.9613846000000004,1.9339506000000057,0.5028908184107714
2023-07-01,GN,826668.0,325906.30000000034,0.826668,0.3259063000000003,1.1525743000000004,0.717236190326298
2023-07-01,HC,20088.0,563644.8999999999,0.020088,0.5636448999999999,0.5837328999999999,0.03441299950713761
2023-07-01,IB,4059969.799999997,599501.4999999994,4.059969799999997,0.5995014999999995,4.659471299999996,0.8713370119910385
2023-08-01,GE,963997.400000006,960506.4999999984,0.963997400000006,0.9605064999999984,1.9245039000000044,0.500906961009538
2023-08-01,GN,791533.8000000026,558798.0000000005,0.7915338000000026,0.5587980000000005,1.350331800000003,0.5861772639880071
2023-08-01,HC,20542.0,392660.9999999993,0.020542,0.3926609999999993,0.4132029999999993,0.049714063063433796
2023-08-01,IB,3891122.5999999978,713827.7000000017,3.891122599999998,0.7138277000000017,4.6049503,0.8449868829203212
2023-09-01,GE,749851.8000000028,992503.1999999993,0.7498518000000028,0.9925031999999993,1.742355000000002,0.43036683109928914
2023-09-01,GN,745831.0999999988,300488.5000000001,0.7458310999999989,0.3004885000000001,1.046319599999999,0.7128138477000714
2023-09-01,HC,24008.0,379176.89999999915,0.024008,0.37917689999999915,0.4031848999999992,0.05954588081051659
2023-09-01,IB,3731974.1000000155,787801.7000000043,3.7319741000000155,0.7878017000000043,4.51977580000002,0.8256989428546431
2023-10-01,GE,750200.1000000034,705732.3,0.7502001000000034,0.7057323000000001,1.4559324000000036,0.5152712447363638
2023-10-01,GN,819884.4999999986,303734.1999999996,0.8198844999999986,0.3037341999999996,1.1236186999999982,0.729682142171539
2023-10-01,HC,39163.3,254528.39999999944,0.039163300000000005,0.25452839999999943,0.29369169999999944,0.13334833772966712
2023-10-01,IB,2885680.099999993,1094962.800000003,2.885680099999993,1.0949628000000031,3.980642899999996,0.7249281516812262
2023-11-01,GE,1128517.3000000038,386242.90000000095,1.1285173000000037,0.38624290000000094,1.5147602000000047,0.7450138312321648
2023-11-01,GN,1069307.5000000016,217497.90000000002,1.0693075000000016,0.21749790000000002,1.2868054000000018,0.8309784059034879
2023-11-01,HC,115593.0,65024.50000000011,0.115593,0.06502450000000011,0.1806175000000001,0.6399878195634418
2023-11-01,IB,3569570.5999999978,824615.100000001,3.569570599999998,0.824615100000001,4.394185699999999,0.8123394967126671
2023-12-01,GE,1182147.7999999959,581186.8000000014,1.1821477999999959,0.5811868000000014,1.7633345999999972,0.6704046980079661
2023-12-01,GN,1293134.4999999981,124111.50000000015,1.293134499999998,0.12411150000000015,1.4172459999999982,0.9124276942746705
2023-12-01,HC,101684.0,101691.30000000005,0.101684,0.10169130000000004,0.20337530000000004,0.4999820528844947
2023-12-01,IB,4773499.499999994,949522.1000000017,4.7734994999999945,0.9495221000000017,5.7230215999999965,0.8340872765533504
2024-01-01,GE,1282627.6999999974,497199.3000000017,1.2826276999999975,0.4971993000000017,1.7798269999999992,0.7206474000001113
2024-01-01,GN,1274084.7999999954,196763.9,1.2740847999999954,0.1967639,1.4708486999999955,0.866224241827184
2024-01-01,HC,88785.0,273357.5000000001,0.088785,0.27335750000000014,0.36214250000000014,0.2451659222543611
2024-01-01,IB,5284236.300000001,957544.1000000036,5.284236300000001,0.9575441000000036,6.241780400000004,0.8465911905519773
2024-02-01,GE,581143.6000000046,774808.0999999993,0.5811436000000046,0.7748080999999993,1.3559517000000039,0.4285872424511898
2024-02-01,GN,1037607.2999999977,154289.3000000001,1.0376072999999977,0.1542893000000001,1.1918965999999978,0.870551438774135
2024-02-01,HC,66438.0,21271.199999999993,0.066438,0.021271199999999994,0.08770919999999999,0.7574804011437798
2024-02-01,IB,3739168.699999996,1523101.4000000001,3.739168699999996,1.5231014,5.262270099999996,0.7105619112937588
2024-03-01,GE,111162.39999999899,1306716.1999999972,0.111162399999999,1.3067161999999972,1.4178785999999963,0.07840050622105396
2024-03-01,GN,1173018.9,255911.30000000008,1.1730189,0.25591130000000006,1.4289302,0.8209070673990935
2024-03-01,HC,154721.0,17892.099999999995,0.154721,0.017892099999999994,0.1726131,0.8963456423643397
2024-03-01,IB,2500178.2999999914,2171334.3999999943,2.5001782999999915,2.1713343999999943,4.671512699999986,0.5351967254632528
2024-04-01,GE,41561.000000000015,1282350.3000000005,0.041561000000000015,1.2823503000000005,1.3239113000000005,0.03139258649729782
2024-04-01,GN,484331.2000000004,366.4000000000001,0.4843312000000004,0.00036640000000000007,0.4846976000000004,0.9992440647529511
2024-04-01,HC,94001.6,21504.69999999998,0.0940016,0.021504699999999977,0.11550629999999998,0.8138222763606835
2024-04-01,IB,2370770.900000006,1942971.8999999862,2.370770900000006,1.942971899999986,4.313742799999992,0.5495855942083544
2024-05-01,GE,117256.49999999965,1246003.8000000005,0.11725649999999965,1.2460038000000004,1.3632603,0.08601182033981306
2024-05-01,GN,766213.9000000004,192215.40000000026,0.7662139000000003,0.19221540000000026,0.9584293000000006,0.7994474918494248
2024-05-01,HC,61729.79999999999,23746.09999999999,0.06172979999999999,0.023746099999999992,0.08547589999999998,0.7221895294463118
2024-05-01,IB,2321895.9000000013,938776.3000000039,2.3218959000000012,0.9387763000000039,3.260672200000005,0.7120911755557635
2024-06-01,GE,291410.39999999944,1119625.0999999999,0.29141039999999946,1.1196251,1.4110354999999994,0.20652237310825955
2024-06-01,GN,701950.3000000013,145547.30000000005,0.7019503000000014,0.14554730000000005,0.8474976000000014,0.8282622865244694
2024-06-01,HC,37264.39999999999,36361.80000000002,0.03726439999999999,0.03636180000000002,0.0736262,0.5061296114698298
2024-06-01,IB,2593091.6000000057,1467321.2000000016,2.5930916000000055,1.4673212000000015,4.060412800000007,0.6386275799347301
2024-07-01,GE,306863.4999999998,1323996.7999999989,0.30686349999999984,1.3239967999999989,1.6308602999999988,0.18816050645171759
2024-07-01,GN,754709.4,172636.40000000008,0.7547094,0.17263640000000008,0.9273458000000001,0.813838160479079
2024-07-01,HC,27605.0,34869.79999999998,0.027605,0.03486979999999998,0.06247479999999998,0.4418581572089868
2024-07-01,IB,2741898.999999996,2327297.9000000046,2.7418989999999956,2.3272979000000045,5.0691969,0.5408941601775216
2024-08-01,GE,434733.70000000147,1193084.499999998,0.43473370000000144,1.1930844999999979,1.6278181999999992,0.26706526564207334
2024-08-01,GN,804578.7999999982,186211.99999999983,0.8045787999999982,0.18621199999999982,0.990790799999998,0.8120571971399005
2024-08-01,HC,26452.0,32889.49999999992,0.026452,0.03288949999999992,0.05934149999999992,0.445758870267857
2024-08-01,IB,3194742.9999999898,1810316.2999999924,3.1947429999999897,1.8103162999999924,5.005059299999982,0.6383027270026553
2024-09-01,GE,279162.9,1136956.0999999978,0.27916290000000005,1.1369560999999977,1.4161189999999977,0.19713237376237486
2024-09-01,GN,717682.5000000062,216483.4999999998,0.7176825000000062,0.2164834999999998,0.934166000000006,0.7682601379198146
2024-09-01,HC,31839.0,24005.29999999995,0.031839,0.024005299999999948,0.055844299999999944,0.5701387608045948
2024-09-01,IB,3089414.7999999914,1722642.3999999985,3.0894147999999912,1.7226423999999985,4.812057199999989,0.6420153941644746
2024-10-01,GE,317023.40000000095,1254010.8999999985,0.31702340000000095,1.2540108999999986,1.5710342999999996,0.20179279344824047
2024-10-01,GN,902828.0999999978,190151.29999999978,0.9028280999999978,0.19015129999999977,1.0929793999999975,0.8260248088847785
2024-10-01,HC,66466.3,31172.099999999955,0.0664663,0.031172099999999956,0.09763839999999996,0.6807393402595704
2024-10-01,IB,3170848.899999997,1644902.7999999989,3.170848899999997,1.6449027999999988,4.815751699999996,0.6584328049969851
2024-11-01,GE,592800.5000000019,542177.9999999991,0.5928005000000018,0.542177999999999,1.1349785000000008,0.5223010832363798
2024-11-01,GN,846435.8000000017,303174.10000000003,0.8464358000000016,0.30317410000000006,1.1496099000000017,0.7362808897174601
2024-11-01,HC,53448.0,146456.4999999997,0.053448,0.1464564999999997,0.1999044999999997,0.26736766806149975
2024-11-01,IB,3067315.500000003,1473882.0000000072,3.067315500000003,1.4738820000000072,4.54119750000001,0.6754419952006043
2024-12-01,GE,521741.0000000002,913064.6999999982,0.5217410000000001,0.9130646999999982,1.4348056999999983,0.36363181439828457
2024-12-01,GN,787312.7999999957,684815.7000000007,0.7873127999999957,0.6848157000000007,1.4721284999999964,0.534812552029254
2024-12-01,HC,76825.29999999999,305280.29999999923,0.07682529999999999,0.3052802999999992,0.3821055999999992,0.20105777041739284
2024-12-01,IB,2810344.2000000034,2286953.700000008,2.8103442000000034,2.286953700000008,5.097297900000012,0.5513399952551326
2025-01-01,GE,477964.70000000275,1171441.1999999988,0.47796470000000274,1.1714411999999987,1.6494059000000014,0.2897799140890683
2025-01-01,GN,954182.600000001,257150.7999999997,0.954182600000001,0.2571507999999997,1.2113334000000007,0.7877126148754756
2025-01-01,HC,84036.0,181937.19999999958,0.084036,0.18193719999999958,0.2659731999999996,0.3159566452559887
2025-01-01,IB,3744391.700000011,1947530.1999999993,3.744391700000011,1.9475301999999992,5.69192190000001,0.6578431267653205
2025-02-01,GE,549588.7000000047,1128952.999999999,0.5495887000000047,1.128952999999999,1.6785417000000038,0.3274203435041283
2025-02-01,GN,1122398.7999999968,176881.19999999984,1.1223987999999967,0.17688119999999985,1.2992799999999964,0.8638621390308476
2025-02-01,HC,119820.0,75033.09999999983,0.11982,0.07503309999999982,0.19485309999999983,0.6149247817971595
2025-02-01,IB,4202728.700000044,1792059.1999999993,4.202728700000044,1.7920591999999993,5.994787900000043,0.7010637857596286
2025-03-01,GE,371936.09999998484,1256545.1000000043,0.37193609999998484,1.2565451000000043,1.628481199999989,0.2283944696444683
2025-03-01,GN,888231.7000000003,262450.5,0.8882317000000003,0.2624505,1.1506822000000003,0.7719174764326763
2025-03-01,HC,85160.29999999999,20600.20000000001,0.0851603,0.020600200000000013,0.10576050000000001,0.8052183943911005
2025-03-01,IB,3951885.1999999625,2035019.5000000088,3.9518851999999627,2.0350195000000086,5.986904699999972,0.6600882088535636
2025-04-01,GE,161585.4000000045,1412369.899999996,0.16158540000000451,1.4123698999999958,1.5739553000000004,0.10266200062988096
2025-04-01,GN,622530.4000000131,318947.29999999877,0.622530400000013,0.31894729999999877,0.9414777000000119,0.66122692019153
2025-04-01,HC,90261.0,5210.599999999998,0.090261,0.0052105999999999975,0.09547159999999999,0.9454225130824245
2025-04-01,IB,2462624.400000023,1783671.699999989,2.4626244000000233,1.783671699999989,4.246296100000013,0.5799464620472453
2025-05-01,GE,79343.90000000014,1580617.4999999998,0.07934390000000013,1.5806174999999998,1.6599613999999998,0.04779864158287063
2025-05-01,GN,545907.8999999919,470485.7999999995,0.5459078999999919,0.4704857999999995,1.0163936999999914,0.5371027978626752
2025-05-01,HC,84241.0,2750.8000000000034,0.084241,0.0027508000000000033,0.0869918,0.9683786287902998
2025-05-01,IB,2246635.5000000084,1763064.7999999896,2.2466355000000084,1.7630647999999896,4.009700299999998,0.5603001052223304
2025-06-01,GE,587452.2999999896,1284144.300000018,0.5874522999999896,1.284144300000018,1.8715966000000075,0.31387762726219276
2025-06-01,GN,727718.9999999837,274968.89999999997,0.7277189999999837,0.27496889999999996,1.0026878999999838,0.7257682076346942
2025-06-01,HC,34827.0,19996.700000000033,0.034827,0.019996700000000034,0.05482370000000003,0.6352544611180927
2025-06-01,IB,2825981.1999999615,1740161.4999999898,2.8259811999999616,1.7401614999999897,4.5661426999999515,0.6188990107558381
2025-07-01,GE,320902.3999999987,1510762.5000000186,0.3209023999999987,1.5107625000000187,1.8316649000000174,0.1751971116550826
2025-07-01,GN,726209.7999999931,363112.3,0.726209799999993,0.3631123,1.089322099999993,0.666662137856193
2025-07-01,HC,22262.0,23205.499999999975,0.022262,0.023205499999999976,0.04546749999999998,0.4896244570297468
2025-07-01,IB,3255160.7000000547,1704749.4999999823,3.255160700000055,1.7047494999999824,4.959910200000037,0.6562942812956635
2025-08-01,GE,275469.6000000041,1360564.499999986,0.2754696000000041,1.360564499999986,1.63603409999999,0.16837644154238945
2025-08-01,GN,699924.8000000002,252369.7000000001,0.6999248000000001,0.2523697000000001,0.9522945000000003,0.7349877585137791
2025-08-01,HC,26603.0,11629.200000000033,0.026603,0.011629200000000034,0.038232200000000036,0.6958270776989024
2025-08-01,IB,3043298.099999963,2025299.6999999802,3.043298099999963,2.02529969999998,5.068597799999943,0.6004220930688162
2025-09-01,GE,174556.5000000024,1128931.1999999923,0.1745565000000024,1.1289311999999923,1.3034876999999947,0.13391495754045327
2025-09-01,GN,615682.5999999965,324935.5,0.6156825999999965,0.3249355,0.9406180999999965,0.6545510872053162
2025-09-01,HC,25682.0,24447.39999999996,0.025682,0.024447399999999963,0.05012939999999996,0.5123141310288976
2025-09-01,IB,2621060.4000000097,2013769.100000004,2.6210604000000095,2.013769100000004,4.634829500000014,0.565513877047689
2025-10-01,GE,193425.49999999953,1257819.7750000046,0.19342549999999953,1.2578197750000046,1.4512452750000042,0.133282432220149
2025-10-01,GN,203368.2499999984,621180.625,0.2033682499999984,0.621180625,0.8245488749999984,0.24664183793834996
2025-10-01,HC,28798.5,28969.650000000016,0.0287985,0.028969650000000017,0.05776815000000002,0.49851864738614604
2025-10-01,IB,2622936.8000000296,2010263.9000000015,2.6229368000000295,2.0102639000000013,4.633200700000031,0.5661176732533973
2025-11-01,GE,209049.35000000068,1376961.9749999843,0.2090493500000007,1.3769619749999842,1.5860113249999848,0.13180823283213486
2025-11-01,GN,437089.1749999982,155001.95000000013,0.43708917499999816,0.15500195000000014,0.5920911249999983,0.7382126779893879
2025-11-01,HC,48197.29999999993,1138.625,0.04819729999999993,0.001138625,0.049335924999999926,0.9769209759419734
2025-11-01,IB,2326409.44999999,1655874.5500000103,2.32640944999999,1.6558745500000103,3.9822840000000004,0.5841897388533791
2025-12-01,GE,330556.5999999996,1544368.0000000056,0.33055659999999965,1.5443680000000055,1.8749246000000053,0.17630394310256461
2025-12-01,GN,892252.8499999964,283996.8999999989,0.8922528499999963,0.28399689999999894,1.1762497499999953,0.758557313189652
2025-12-01,HC,73790.05,30221.42500000025,0.07379005000000001,0.03022142500000025,0.10401147500000026,0.7094414342263662
2025-12-01,IB,3038564.449999961,2064929.3749999981,3.038564449999961,2.064929374999998,5.103493824999958,0.5953890715249344
2026-01-01,GE,248306.9750000104,1343484.625000006,0.2483069750000104,1.343484625000006,1.5917916000000165,0.1559921380411907
2026-01-01,GN,940046.9000000043,289875.8500000001,0.9400469000000043,0.2898758500000001,1.2299227500000045,0.7643137749911536
2026-01-01,HC,81384.25,26899.100000000144,0.08138425,0.026899100000000144,0.10828335000000015,0.7515860009872237
2026-01-01,IB,3230903.149999994,2327899.4000000064,3.230903149999994,2.3278994000000064,5.55880255,0.5812228660649215
2026-02-01,GE,1149.425000000003,42858.65000000002,0.001149425000000003,0.042858650000000026,0.04400807500000003,0.026118502115804933
2026-02-01,GN,40200.624999999956,10278.124999999996,0.040200624999999955,0.010278124999999996,0.05047874999999995,0.7963870935789812
2026-02-01,HC,4049.0,50.07500000000002,0.004049,5.007500000000002e-05,0.004099075,0.9877838292785567
2026-02-01,IB,113637.775,66208.40000000001,0.113637775,0.06620840000000001,0.179846175,0.6318609500591269
